review,label
This product is amazing and works perfectly!,2
"Totally waste of money, very disappointed",0
"Quality is okay, not great but acceptable",1
Excellent! I love it so much.,2
"Terrible quality, broke in two days.",0
"Average product, nothing special.",1
I will buy this again. Very satisfied.,2
Not worth the price at all.,0
"It works fine, but delivery was slow.",1
Super happy with the purchase!,2
This product is amazing and works perfectly!,2
"Totally waste of money, very disappointed",0
"Quality is okay, not great but acceptable",1
Excellent! I love it so much.,2
"Terrible quality, broke in two days.",0
"Average product, nothing special.",1
I will buy this again. Very satisfied.,2
Not worth the price at all.,0
"It works fine, but delivery was slow.",1
Super happy with the purchase!,2
This product is amazing and works perfectly!,2
"Totally waste of money, very disappointed",0
"Quality is okay, not great but acceptable",1
Excellent! I love it so much.,2
"Terrible quality, broke in two days.",0
"Average product, nothing special.",1
I will buy this again. Very satisfied.,2
Not worth the price at all.,0
"It works fine, but delivery was slow.",1
Super happy with the purchase!,2
This product is amazing and works perfectly!,2
"Totally waste of money, very disappointed",0
"Quality is okay, not great but acceptable",1
Excellent! I love it so much.,2
"Terrible quality, broke in two days.",0
"Average product, nothing special.",1
I will buy this again. Very satisfied.,2
Not worth the price at all.,0
"It works fine, but delivery was slow.",1
Super happy with the purchase!,2
This product is amazing and works perfectly!,2
"Totally waste of money, very disappointed",0
"Quality is okay, not great but acceptable",1
Excellent! I love it so much.,2
"Terrible quality, broke in two days.",0
"Average product, nothing special.",1
I will buy this again. Very satisfied.,2
Not worth the price at all.,0
"It works fine, but delivery was slow.",1
Super happy with the purchase!,2
This product is amazing and works perfectly!,2
"Totally waste of money, very disappointed",0
"Quality is okay, not great but acceptable",1
Excellent! I love it so much.,2
"Terrible quality, broke in two days.",0
"Average product, nothing special.",1
I will buy this again. Very satisfied.,2
Not worth the price at all.,0
"It works fine, but delivery was slow.",1
Super happy with the purchase!,2
This product is amazing and works perfectly!,2
"Totally waste of money, very disappointed",0
"Quality is okay, not great but acceptable",1
Excellent! I love it so much.,2
"Terrible quality, broke in two days.",0
"Average product, nothing special.",1
I will buy this again. Very satisfied.,2
Not worth the price at all.,0
"It works fine, but delivery was slow.",1
Super happy with the purchase!,2
This product is amazing and works perfectly!,2
"Totally waste of money, very disappointed",0
"Quality is okay, not great but acceptable",1
Excellent! I love it so much.,2
"Terrible quality, broke in two days.",0
"Average product, nothing special.",1
I will buy this again. Very satisfied.,2
Not worth the price at all.,0
"It works fine, but delivery was slow.",1
Super happy with the purchase!,2
This product is amazing and works perfectly!,2
"Totally waste of money, very disappointed",0
"Quality is okay, not great but acceptable",1
Excellent! I love it so much.,2
"Terrible quality, broke in two days.",0
"Average product, nothing special.",1
I will buy this again. Very satisfied.,2
Not worth the price at all.,0
"It works fine, but delivery was slow.",1
Super happy with the purchase!,2
This product is amazing and works perfectly!,2
"Totally waste of money, very disappointed",0
"Quality is okay, not great but acceptable",1
Excellent! I love it so much.,2
"Terrible quality, broke in two days.",0
"Average product, nothing special.",1
I will buy this again. Very satisfied.,2
Not worth the price at all.,0
"It works fine, but delivery was slow.",1
Super happy with the purchase!,2
This product is amazing and works perfectly!,2
"Totally waste of money, very disappointed",0
"Quality is okay, not great but acceptable",1
Excellent! I love it so much.,2
"Terrible quality, broke in two days.",0
"Average product, nothing special.",1
I will buy this again. Very satisfied.,2
Not worth the price at all.,0
"It works fine, but delivery was slow.",1
Super happy with the purchase!,2
This product is amazing and works perfectly!,2
"Totally waste of money, very disappointed",0
"Quality is okay, not great but acceptable",1
Excellent! I love it so much.,2
"Terrible quality, broke in two days.",0
"Average product, nothing special.",1
I will buy this again. Very satisfied.,2
Not worth the price at all.,0
"It works fine, but delivery was slow.",1
Super happy with the purchase!,2
This product is amazing and works perfectly!,2
"Totally waste of money, very disappointed",0
"Quality is okay, not great but acceptable",1
Excellent! I love it so much.,2
"Terrible quality, broke in two days.",0
"Average product, nothing special.",1
I will buy this again. Very satisfied.,2
Not worth the price at all.,0
"It works fine, but delivery was slow.",1
Super happy with the purchase!,2
This product is amazing and works perfectly!,2
"Totally waste of money, very disappointed",0
"Quality is okay, not great but acceptable",1
Excellent! I love it so much.,2
"Terrible quality, broke in two days.",0
"Average product, nothing special.",1
I will buy this again. Very satisfied.,2
Not worth the price at all.,0
"It works fine, but delivery was slow.",1
Super happy with the purchase!,2
This product is amazing and works perfectly!,2
"Totally waste of money, very disappointed",0
"Quality is okay, not great but acceptable",1
Excellent! I love it so much.,2
"Terrible quality, broke in two days.",0
"Average product, nothing special.",1
I will buy this again. Very satisfied.,2
Not worth the price at all.,0
"It works fine, but delivery was slow.",1
Super happy with the purchase!,2
This product is amazing and works perfectly!,2
"Totally waste of money, very disappointed",0
"Quality is okay, not great but acceptable",1
Excellent! I love it so much.,2
"Terrible quality, broke in two days.",0
"Average product, nothing special.",1
I will buy this again. Very satisfied.,2
Not worth the price at all.,0
"It works fine, but delivery was slow.",1
Super happy with the purchase!,2
This product is amazing and works perfectly!,2
"Totally waste of money, very disappointed",0
"Quality is okay, not great but acceptable",1
Excellent! I love it so much.,2
"Terrible quality, broke in two days.",0
"Average product, nothing special.",1
I will buy this again. Very satisfied.,2
Not worth the price at all.,0
"It works fine, but delivery was slow.",1
Super happy with the purchase!,2
This product is amazing and works perfectly!,2
"Totally waste of money, very disappointed",0
"Quality is okay, not great but acceptable",1
Excellent! I love it so much.,2
"Terrible quality, broke in two days.",0
"Average product, nothing special.",1
I will buy this again. Very satisfied.,2
Not worth the price at all.,0
"It works fine, but delivery was slow.",1
Super happy with the purchase!,2
This product is amazing and works perfectly!,2
"Totally waste of money, very disappointed",0
"Quality is okay, not great but acceptable",1
Excellent! I love it so much.,2
"Terrible quality, broke in two days.",0
"Average product, nothing special.",1
I will buy this again. Very satisfied.,2
Not worth the price at all.,0
"It works fine, but delivery was slow.",1
Super happy with the purchase!,2
This product is amazing and works perfectly!,2
"Totally waste of money, very disappointed",0
"Quality is okay, not great but acceptable",1
Excellent! I love it so much.,2
"Terrible quality, broke in two days.",0
"Average product, nothing special.",1
I will buy this again. Very satisfied.,2
Not worth the price at all.,0
"It works fine, but delivery was slow.",1
Super happy with the purchase!,2
This product is amazing and works perfectly!,2
"Totally waste of money, very disappointed",0
"Quality is okay, not great but acceptable",1
Excellent! I love it so much.,2
"Terrible quality, broke in two days.",0
"Average product, nothing special.",1
I will buy this again. Very satisfied.,2
Not worth the price at all.,0
"It works fine, but delivery was slow.",1
Super happy with the purchase!,2
This product is amazing and works perfectly!,2
"Totally waste of money, very disappointed",0
"Quality is okay, not great but acceptable",1
Excellent! I love it so much.,2
"Terrible quality, broke in two days.",0
"Average product, nothing special.",1
I will buy this again. Very satisfied.,2
Not worth the price at all.,0
"It works fine, but delivery was slow.",1
Super happy with the purchase!,2
This product is amazing and works perfectly!,2
"Totally waste of money, very disappointed",0
"Quality is okay, not great but acceptable",1
Excellent! I love it so much.,2
"Terrible quality, broke in two days.",0
"Average product, nothing special.",1
I will buy this again. Very satisfied.,2
Not worth the price at all.,0
"It works fine, but delivery was slow.",1
Super happy with the purchase!,2
This product is amazing and works perfectly!,2
"Totally waste of money, very disappointed",0
"Quality is okay, not great but acceptable",1
Excellent! I love it so much.,2
"Terrible quality, broke in two days.",0
"Average product, nothing special.",1
I will buy this again. Very satisfied.,2
Not worth the price at all.,0
"It works fine, but delivery was slow.",1
Super happy with the purchase!,2
This product is amazing and works perfectly!,2
"Totally waste of money, very disappointed",0
"Quality is okay, not great but acceptable",1
Excellent! I love it so much.,2
"Terrible quality, broke in two days.",0
"Average product, nothing special.",1
I will buy this again. Very satisfied.,2
Not worth the price at all.,0
"It works fine, but delivery was slow.",1
Super happy with the purchase!,2
This product is amazing and works perfectly!,2
"Totally waste of money, very disappointed",0
"Quality is okay, not great but acceptable",1
Excellent! I love it so much.,2
"Terrible quality, broke in two days.",0
"Average product, nothing special.",1
I will buy this again. Very satisfied.,2
Not worth the price at all.,0
"It works fine, but delivery was slow.",1
Super happy with the purchase!,2
This product is amazing and works perfectly!,2
"Totally waste of money, very disappointed",0
"Quality is okay, not great but acceptable",1
Excellent! I love it so much.,2
"Terrible quality, broke in two days.",0
"Average product, nothing special.",1
I will buy this again. Very satisfied.,2
Not worth the price at all.,0
"It works fine, but delivery was slow.",1
Super happy with the purchase!,2
This product is amazing and works perfectly!,2
"Totally waste of money, very disappointed",0
"Quality is okay, not great but acceptable",1
Excellent! I love it so much.,2
"Terrible quality, broke in two days.",0
"Average product, nothing special.",1
I will buy this again. Very satisfied.,2
Not worth the price at all.,0
"It works fine, but delivery was slow.",1
Super happy with the purchase!,2
This product is amazing and works perfectly!,2
"Totally waste of money, very disappointed",0
"Quality is okay, not great but acceptable",1
Excellent! I love it so much.,2
"Terrible quality, broke in two days.",0
"Average product, nothing special.",1
I will buy this again. Very satisfied.,2
Not worth the price at all.,0
"It works fine, but delivery was slow.",1
Super happy with the purchase!,2
This product is amazing and works perfectly!,2
"Totally waste of money, very disappointed",0
"Quality is okay, not great but acceptable",1
Excellent! I love it so much.,2
"Terrible quality, broke in two days.",0
"Average product, nothing special.",1
I will buy this again. Very satisfied.,2
Not worth the price at all.,0
"It works fine, but delivery was slow.",1
Super happy with the purchase!,2
